-- phpMyAdmin SQL Dump
-- version 
-- http://www.phpmyadmin.net
--
-- Хост: ekonom.mysql
-- Время создания: Янв 18 2012 г., 20:31
-- Версия сервера: 5.1.41
-- Версия PHP: 5.2.10

SET FOREIGN_KEY_CHECKS=0;
SET SQL_MODE="NO_AUTO_VALUE_ON_ZERO";
SET AUTOCOMMIT=0;
START TRANSACTION;
SET time_zone = "+00:00";


/*!40101 SET @OLD_CHARACTER_SET_CLIENT=@@CHARACTER_SET_CLIENT */;
/*!40101 SET @OLD_CHARACTER_SET_RESULTS=@@CHARACTER_SET_RESULTS */;
/*!40101 SET @OLD_COLLATION_CONNECTION=@@COLLATION_CONNECTION */;
/*!40101 SET NAMES utf8 */;

--
-- База данных: `ekonom_pro_db`
--

-- --------------------------------------------------------

--
-- Структура таблицы `banner`
--
-- Создание: Янв 04 2012 г., 10:57
--

DROP TABLE IF EXISTS `banner`;
CREATE TABLE IF NOT EXISTS `banner` (
  `id` int(10) unsigned NOT NULL AUTO_INCREMENT,
  `img` varchar(255) NOT NULL,
  `link` varchar(255) NOT NULL,
  `title` varchar(255) NOT NULL,
  PRIMARY KEY (`id`)
) ENGINE=InnoDB  DEFAULT CHARSET=utf8 AUTO_INCREMENT=9 ;

--
-- Дамп данных таблицы `banner`
--

INSERT INTO `banner` (`id`, `img`, `link`, `title`) VALUES
(1, 'img_28-12-2011-16-03-17.jpg', 'ekonom.pro', 'Клуб ярких путешествий «Мир Без Границ»'),
(4, 'img_28-12-2011-14-11-32.jpg', 'ekonom.pro', 'Счастья!'),
(5, 'img_29-12-2011-12-47-06.jpg', 'ekonom.pro', 'Мир Без Границ'),
(8, 'img_18-01-2012-15-22-25.gif', 'ekonom.pro', 'Место для вашей рекламы');

-- --------------------------------------------------------

--
-- Структура таблицы `banner_place`
--
-- Создание: Янв 04 2012 г., 10:57
--

DROP TABLE IF EXISTS `banner_place`;
CREATE TABLE IF NOT EXISTS `banner_place` (
  `banner_id` int(10) unsigned NOT NULL,
  `bplace_id` int(10) unsigned NOT NULL,
  PRIMARY KEY (`banner_id`,`bplace_id`),
  KEY `fk_banner_place_banner1` (`banner_id`),
  KEY `bplace_id` (`bplace_id`)
) ENGINE=InnoDB DEFAULT CHARSET=utf8;

--
-- Дамп данных таблицы `banner_place`
--

INSERT INTO `banner_place` (`banner_id`, `bplace_id`) VALUES
(1, 1),
(4, 1),
(5, 4),
(5, 5);

-- --------------------------------------------------------

--
-- Структура таблицы `bplace`
--
-- Создание: Янв 06 2012 г., 17:12
--

DROP TABLE IF EXISTS `bplace`;
CREATE TABLE IF NOT EXISTS `bplace` (
  `id` int(10) unsigned NOT NULL AUTO_INCREMENT,
  `title` varchar(255) NOT NULL,
  `width` int(10) unsigned NOT NULL,
  `height` int(10) unsigned NOT NULL,
  `change_time` int(10) unsigned NOT NULL DEFAULT '5',
  PRIMARY KEY (`id`)
) ENGINE=InnoDB  DEFAULT CHARSET=utf8 AUTO_INCREMENT=7 ;

--
-- Дамп данных таблицы `bplace`
--

INSERT INTO `bplace` (`id`, `title`, `width`, `height`, `change_time`) VALUES
(1, 'Главная', 994, 230, 5),
(2, 'Справа от компании', 187, 357, 5),
(4, 'На главной снизу справа', 490, 83, 5),
(5, 'На главной снизу слева', 490, 83, 5),
(6, 'Справа от компании нижний', 187, 357, 5);

-- --------------------------------------------------------

--
-- Структура таблицы `city`
--
-- Создание: Янв 10 2012 г., 16:48
--

DROP TABLE IF EXISTS `city`;
CREATE TABLE IF NOT EXISTS `city` (
  `id` int(10) unsigned NOT NULL AUTO_INCREMENT,
  `title` varchar(255) NOT NULL,
  `phone_code` varchar(5) DEFAULT NULL,
  `phone_number` varchar(20) NOT NULL DEFAULT '',
  PRIMARY KEY (`id`)
) ENGINE=InnoDB  DEFAULT CHARSET=utf8 AUTO_INCREMENT=6 ;

--
-- Дамп данных таблицы `city`
--

INSERT INTO `city` (`id`, `title`, `phone_code`, `phone_number`) VALUES
(1, 'Кемерово', '3842', '+7 (3842) 33-86-86'),
(4, 'Москва', '495', '');

-- --------------------------------------------------------

--
-- Структура таблицы `comments`
--
-- Создание: Янв 04 2012 г., 10:57
--

DROP TABLE IF EXISTS `comments`;
CREATE TABLE IF NOT EXISTS `comments` (
  `id` int(10) unsigned NOT NULL AUTO_INCREMENT,
  `message` text NOT NULL,
  `date_create` datetime NOT NULL,
  `user` varchar(20) NOT NULL,
  `is_moderate` tinyint(1) NOT NULL DEFAULT '0',
  PRIMARY KEY (`id`)
) ENGINE=InnoDB  DEFAULT CHARSET=utf8 AUTO_INCREMENT=16 ;

--
-- Дамп данных таблицы `comments`
--

INSERT INTO `comments` (`id`, `message`, `date_create`, `user`, `is_moderate`) VALUES
(1, 'ghgdhdhfhdfhdfhfdhdreye', '2011-12-27 00:00:00', 'dhhfhdf', 1),
(3, 'Хочу туда. Пошлите меня пожалуйста!!!', '2011-12-28 00:00:00', 'Константин', 0),
(4, 'Хочу туда. Пошлите меня пожалуйста!!!', '2011-12-28 00:00:00', 'Константин', 0),
(5, 'Хочу туда. Пошлите меня пожалуйста!!!', '2011-12-28 00:00:00', 'Константин', 0),
(6, 'Хочу туда. Пошлите меня пожалуйста!!!', '2011-12-28 00:00:00', 'Константин', 0),
(7, 'Прям не цены, а сказки!!! Хочу, летим!!!)))', '2011-12-30 00:00:00', 'Никита', 0),
(8, 'а я сюда хочу', '2012-01-07 00:00:00', 'Иван', 0),
(9, 'Еще комментарий', '2012-01-07 00:00:00', 'Иван', 0),
(10, 'Тест', '2012-01-07 00:00:00', 'Тест', 0),
(11, 'Отправлено', '2012-01-07 00:00:00', 'Тест', 0),
(12, 'Классные деУки!', '2012-01-11 00:00:00', 'паха', 0),
(13, 'Красивые фотографии', '2012-01-11 00:00:00', 'Саша', 0),
(14, 'Тест', '2012-01-13 00:00:00', 'Тест', 0),
(15, 'test', '2012-01-13 00:00:00', 'test', 0);

-- --------------------------------------------------------

--
-- Структура таблицы `comments_product`
--
-- Создание: Янв 04 2012 г., 10:57
--

DROP TABLE IF EXISTS `comments_product`;
CREATE TABLE IF NOT EXISTS `comments_product` (
  `comments_id` int(10) unsigned NOT NULL,
  `product_id` int(10) unsigned NOT NULL,
  PRIMARY KEY (`comments_id`,`product_id`),
  KEY `fk_comments_product_product1` (`product_id`)
) ENGINE=InnoDB DEFAULT CHARSET=utf8;

-- --------------------------------------------------------

--
-- Структура таблицы `company`
--
-- Создание: Янв 10 2012 г., 16:49
--

DROP TABLE IF EXISTS `company`;
CREATE TABLE IF NOT EXISTS `company` (
  `id` int(10) unsigned NOT NULL AUTO_INCREMENT,
  `city_id` int(10) unsigned NOT NULL,
  `title` varchar(255) NOT NULL,
  `file` varchar(255) DEFAULT NULL,
  `description` text,
  `order_email` varchar(255) NOT NULL DEFAULT '',
  `ofsite` varchar(255) NOT NULL DEFAULT '',
  `constant_discount` varchar(25) NOT NULL DEFAULT '0',
  PRIMARY KEY (`id`),
  KEY `fk_company_city1` (`city_id`)
) ENGINE=InnoDB  DEFAULT CHARSET=utf8 AUTO_INCREMENT=15 ;

--
-- Дамп данных таблицы `company`
--

INSERT INTO `company` (`id`, `city_id`, `title`, `file`, `description`, `order_email`, `ofsite`, `constant_discount`) VALUES
(4, 1, ' ТА \\"Мир Без Границ\\"', 'img_28-12-2011-15-24-28.jpg', 'Для ценителей солнца и моря клуб ярких путешествий \\"МИР БЕЗ ГРАНИЦ\\" предоставляет широкий спектр туристических услуг полного цикла, у нас можно осуществить подбор туров, заказать путевки оптимальные по соотношению «цена-качество», к тому же получить скидку. С нами вы можете посетить любой уголок земного шара!\r\nНаши потенциальные клиенты – те, кому важны не только относительно низкая цена путевок, но и качество заявленных услуг. Семейный отдых или романтическое путешествие, в пределах России и за границей, туристический поход или интересное спортивное мероприятие – вот далеко неполный перечень услуг клуба \\"МИР БЕЗ ГРАНИЦ\\".', 'mir-tour2011@ya.ru', 'mbgtours.ru', '5'),
(8, 1, 'ЮК \\"Альфа\\"', 'img_16-01-2012-15-15-01.jpg', 'Юридическая компания «АЛЬФА» специализируется на оказание правовой помощи гражданам -В споре со страховыми компаниями при ДТП и взыскании недополченной суммы -Жалобы в РСА на страховые компании -Помощь при лишении прав органами ГИБДД -Взыскание процентов по кридитам -Помощь субъектам малого и среднего бизнеса. Мы готовы проводить юридический анализ документации Ваших контрагентов, участвовать в переговорах относительно возможных в будущем сделок, заключать по Вашему поручению договоры от Вашего имени.Досудебные консультации и представительство при разрешении споров в гражданском суде. Обжалование решений или действий органов власти в суде. Взыскание дебиторской задолженности. Судебное взыскание долгов.', 'alfa.kem@yandex.ru', 'alfakem.tiu.ru', '10'),
(12, 1, 'Магазины  «Нептунъ»', '', 'Магазины «Нептунъ» - под этой торговой маркой в Кемерово работают два специализированных магазина сантехнического, отопительного оборудования и материалов. Компания «Нептунъ» ведет свою деятельность с января 1998 года и является одним из старейших и известнейших продавцов сантехники на рынке г. Кемерово. На этом сайте Вы можете ознакомиться с товарами продающимися в магазинах компании с большим дисконтом, посмотреть фото товаров в каталоге, получить реквизиты компании. Сайт не является интернет-магазином, для покупки товара Вам необходимо скинуть заявку или приехать в один из магазинов лично. В каталоге представлен не весь товар имеющийся в магазинах и на складе. Всего в магазинах компании имеется более двух тысяч наименований сантехнического, отопительного и сопутствующего оборудования Весь ассортимент товара можно посмотреть в прайс-листе.Дополнительная информация по телефонам:33-77-90, 36-77-90', 'neptun101@mail.ru', 'neptun42.ru/', '5'),
(13, 1, 'Магазин  \\"Абсолют\\"', 'img_18-01-2012-15-47-39.jpg', 'Мы на рынке с 2004 года. Компания занимается розничной продажей компьютерных комплектующих и расходных материалов. В наличие и под заказ более ста тысяч найменований. Производим обслуживаение и ремонт Компьютеров, ноутбуков, сотовых телефонов а также заправку картриджей для оргтехники.', 'ltd-service@mail.ru', 'absolut-comp.tiu.ru/', '10'),
(14, 4, 'Proskater', 'img_18-01-2012-16-59-50.jpg', 'Proskater.ru – это интернет скейтшоп, где Вы можете найти товары для скейтбординга и лайфстайл одежду и обувь: мужскую и женскую скейтерскую обувь (кеды, высокие кеды, слипоны и зимние кеды), одежду скейтовых брендов, аксессуары (напульсники, ремни, рюкзаки, значки, пряжки) и, конечно, скейтборды и все для скейта!\r\nЧто нужно для лучшего скейтшопа? Удобный каталог поможет легко сориентироваться среди большого ассортимента скейтерских кед от лучших скейт брендов. Вы легко можете найти интересующую обувь по скейт производителям: Circa, Adio, Fallen, Dc shoes, Vans, DVS, Lakai и др. - выбрав любой из интересующих Вас скейт брендов. Также в каталоге скейтшопа Proskater.ru для удобной ориентации отдельно выделены высокие кеды, зимние кеды, слипоны и шлепанцы. Возможен поиск по размерам кед. Купить кеды, купить скейтборды, купить скейтерскую одежду теперь можно круглосуточно в интернет скейтшопе Proskater.ru!\r\nДля вашего удобства каталог одежды в скейтшопе разбит на категории: футболки, толстовки, куртки, джинсы, шапки и др. от лучших скейт-брендов. В отдельный блок выделены детские товары, где представлена детская обувь (кеды, шлепанцы) и одежда для будущих «Pro». В интернет скейтшопе Proskater.ru вы также можете купить фингерборды, Йо-Йо (Yo-yo) и соксы.\r\nПосле выбора понравившегося товара Вы можете выбрать наиболее удобный для Вас способ оплаты (наличными, банковский перевод, электронными деньгами, платежные терминалы, банковские карты) и доставки (почтой, курьером, экспресс-доставкой или через пункты выдачи), а также получиться круглосуточную помощь службы поддержки по телефону, e-mail, ICQ, Skype и вКонтакте. ', 'info@proskater.ru', 'www.proskater.ru', '15');

-- --------------------------------------------------------

--
-- Структура таблицы `company_address`
--
-- Создание: Янв 04 2012 г., 10:57
--

DROP TABLE IF EXISTS `company_address`;
CREATE TABLE IF NOT EXISTS `company_address` (
  `id` int(10) unsigned NOT NULL AUTO_INCREMENT,
  `company_id` int(10) unsigned NOT NULL,
  `city_id` int(10) unsigned NOT NULL,
  `address` varchar(255) NOT NULL,
  `phone` varchar(255) NOT NULL,
  PRIMARY KEY (`id`),
  KEY `company_id` (`company_id`),
  KEY `city_id` (`city_id`)
) ENGINE=InnoDB  DEFAULT CHARSET=utf8 AUTO_INCREMENT=11 ;

--
-- Дамп данных таблицы `company_address`
--

INSERT INTO `company_address` (`id`, `company_id`, `city_id`, `address`, `phone`) VALUES
(3, 4, 1, 'ул. Кирова 51', '+7 (3842) 45-25-26 Анна,Евгения,Анастасия'),
(4, 4, 1, 'пр. Ленина, 51 б, офис 15', '+7(3842) 330-888 . (923) 602-26-43, Юлия'),
(5, 8, 1, 'пр. Ленина 51б-15 офис', '89027555550 - Зотов Максим'),
(6, 8, 1, '', '89502727705- Феклин Константин'),
(7, 8, 1, 'Ленинск-Кузнецкий ул.Суворова 7-1', '89069211226 - Сибаченко Алексей'),
(8, 13, 1, 'ул. Соборная 8 оф114', ' 58-69-87  .  33-33-99'),
(9, 12, 1, 'Островского, 15 (центр города)', '+7 (3842) 36-77-90'),
(10, 12, 1, 'ул.Свободы 3', '+7 (3842) 33-77-90.  31-97-27');

-- --------------------------------------------------------

--
-- Структура таблицы `company_user`
--
-- Создание: Янв 04 2012 г., 10:57
--

DROP TABLE IF EXISTS `company_user`;
CREATE TABLE IF NOT EXISTS `company_user` (
  `company_id` int(10) unsigned NOT NULL,
  `user_id` int(10) unsigned NOT NULL,
  `is_read` tinyint(1) NOT NULL DEFAULT '0',
  `is_write` tinyint(1) NOT NULL DEFAULT '0',
  `is_moderate` tinyint(1) NOT NULL DEFAULT '0',
  PRIMARY KEY (`company_id`,`user_id`),
  KEY `user_id` (`user_id`)
) ENGINE=InnoDB DEFAULT CHARSET=utf8;

--
-- Дамп данных таблицы `company_user`
--

INSERT INTO `company_user` (`company_id`, `user_id`, `is_read`, `is_write`, `is_moderate`) VALUES
(4, 9, 0, 0, 1),
(8, 1, 0, 0, 1),
(8, 9, 0, 0, 1),
(13, 10, 0, 0, 1);

-- --------------------------------------------------------

--
-- Структура таблицы `content_page`
--
-- Создание: Янв 04 2012 г., 10:57
--

DROP TABLE IF EXISTS `content_page`;
CREATE TABLE IF NOT EXISTS `content_page` (
  `page_title` varchar(40) NOT NULL COMMENT 'английское название для системы',
  `title` varchar(255) NOT NULL,
  `content` text,
  PRIMARY KEY (`page_title`)
) ENGINE=InnoDB DEFAULT CHARSET=utf8;

--
-- Дамп данных таблицы `content_page`
--

INSERT INTO `content_page` (`page_title`, `title`, `content`) VALUES
('about', 'О нас', '<p>\r\n	&nbsp;</p>\r\n<p style=\\"&quot;&quot;text-align:&quot;\\">\r\n	<span style=\\"&quot;&quot;&quot;&quot;&quot;&quot;&quot;&quot;&quot;&quot;font-size:20px;&quot;&quot;&quot;&quot;&quot;&quot;&quot;&quot;&quot;&quot;\\"><span style=\\"&quot;&quot;&quot;&quot;&quot;&quot;&quot;&quot;&quot;&quot;&quot;font-size:20px;&quot;&quot;&quot;&quot;&quot;&quot;&quot;&quot;&quot;&quot;&quot;\\">&nbsp; &nbsp; &nbsp; &nbsp; &nbsp; &nbsp; &nbsp; &nbsp; &nbsp; &nbsp; &nbsp; &nbsp; &nbsp; &nbsp; &nbsp; &nbsp; &nbsp; &nbsp; &nbsp; &nbsp; &nbsp; &nbsp; &nbsp; &nbsp; &nbsp; &nbsp; &nbsp; &nbsp; &nbsp; &nbsp; &nbsp; &nbsp; &nbsp; &nbsp; &nbsp; <strong>&nbsp;&nbsp; Ekonom.pro</strong> &nbsp;<strong><em>- &nbsp; </em></strong></span><span style=\\"&quot;&quot;&quot;&quot;&quot;&quot;&quot;&quot;&quot;&quot;&quot;font-size:16px;&quot;&quot;&quot;&quot;&quot;&quot;&quot;&quot;&quot;&quot;&quot;\\">сайт для людей, которые ценят свое время и деньги!</span></span></p>\r\n<p style=\\"&quot;&quot;text-align:&quot;\\">\r\n	&nbsp; &nbsp; &nbsp; &nbsp; &nbsp; &nbsp; &nbsp; &nbsp; &nbsp; &nbsp; &nbsp; &nbsp; &nbsp; &nbsp; &nbsp; &nbsp; &nbsp; &nbsp; &nbsp; &nbsp; &nbsp; &nbsp; &nbsp; &nbsp;Все дисконты: скидки, распродажи, акции, &nbsp;подарки &nbsp;на одном сайте, без предварительной оплаты!</p>\r\n<p style=\\"&quot;&quot;text-align:&quot;\\">\r\n	&nbsp; &nbsp; &nbsp; &nbsp; &nbsp; &nbsp; &nbsp; &nbsp; &nbsp; &nbsp; &nbsp; &nbsp; &nbsp; &nbsp; &nbsp; &nbsp; &nbsp; &nbsp; &nbsp; &nbsp; &nbsp; &nbsp; &nbsp; &nbsp; &nbsp; &nbsp; &nbsp; &nbsp; &nbsp; &nbsp; &nbsp; &nbsp; &nbsp; &nbsp; &nbsp; <span style=\\"&quot;&quot;&quot;&quot;&quot;font-size:16px;&quot;&quot;&quot;&quot;&quot;\\">&nbsp;<strong>&nbsp; Ekonom.pro &nbsp; &mdash; любая покупка с большой скидкой !</strong></span></p>\r\n<p style=\\"&quot;&quot;text-align:&quot;\\">\r\n	&nbsp; &nbsp;&nbsp;</p>\r\n'),
('contacts', 'Контактная информация', '<p>\r\n	По вопросам размещения информации - тел +7(3842) 33 86 86. &nbsp;сот - 8 923 601 0636 Константин . сот - 8 902 983 7708 Денис.</p>\r\n<p>\r\n	почта info@ekonom.pro&nbsp;</p>\r\n'),
('test', 'Тест', '<p>\r\n	аптьаптаптпатаптпатптпатм мс рвава</p>\r\n<p>\r\n	вараврва</p>\r\n');

-- --------------------------------------------------------

--
-- Структура таблицы `gallery`
--
-- Создание: Янв 04 2012 г., 10:57
--

DROP TABLE IF EXISTS `gallery`;
CREATE TABLE IF NOT EXISTS `gallery` (
  `id` int(10) unsigned NOT NULL AUTO_INCREMENT,
  `title` varchar(255) NOT NULL,
  `date_create` datetime NOT NULL,
  `user_id` int(10) unsigned NOT NULL,
  `file` varchar(255) DEFAULT NULL,
  PRIMARY KEY (`id`),
  KEY `fk_tm_document_tm_user1` (`user_id`)
) ENGINE=InnoDB  DEFAULT CHARSET=utf8 AUTO_INCREMENT=57 ;

--
-- Дамп данных таблицы `gallery`
--

INSERT INTO `gallery` (`id`, `title`, `date_create`, `user_id`, `file`) VALUES
(1, 'Первое фото', '2011-12-18 23:10:50', 1, 'img_18-12-2011-23-10-50.jpg'),
(2, 'Второе фото', '2011-12-18 23:27:19', 1, 'img_18-12-2011-23-27-19.jpg'),
(3, 'Треть фото', '2011-12-18 23:28:11', 1, 'img_18-12-2011-23-28-11.jpg'),
(4, 'Четвертое фото', '2011-12-18 23:28:27', 1, 'img_18-12-2011-23-28-27.jpg'),
(5, 'Первое фото', '2011-12-26 16:28:21', 1, 'img_26-12-2011-16-28-21.jpg'),
(6, 'Второе фото', '2011-12-26 16:30:43', 1, 'img_26-12-2011-16-30-43.jpg'),
(7, 'Третье фото', '2011-12-26 16:30:58', 1, 'img_26-12-2011-16-30-58.jpg'),
(8, 'Четвертое фото', '2011-12-26 16:31:15', 1, 'img_26-12-2011-16-31-15.jpg'),
(12, 'ОАЭ', '2011-12-28 14:39:04', 1, 'img_06-01-2012-23-06-35.jpg'),
(13, 'ОАЭ', '2011-12-28 14:39:18', 1, 'img_06-01-2012-23-06-15.jpg'),
(14, 'ОАЭ', '2011-12-28 14:39:30', 1, 'img_06-01-2012-23-06-25.jpg'),
(22, 'оаэ', '2011-12-29 17:55:05', 9, 'img_09-01-2012-20-20-06.jpg'),
(26, 'ОАЭ', '2012-01-09 20:24:32', 9, 'img_09-01-2012-20-24-32.jpg'),
(35, 'Тайланд Большой ', '2012-01-13 14:34:25', 1, 'img_13-01-2012-14-34-26.jpg'),
(36, 'Тайланд!', '2012-01-13 14:44:53', 9, 'img_13-01-2012-15-03-08.gif'),
(37, 'Возврат процентов по кредитам', '2012-01-16 20:40:57', 1, 'img_16-01-2012-20-40-57.jpg'),
(38, 'Юридическое сопровождение бизнеса', '2012-01-16 20:43:38', 1, 'img_16-01-2012-20-43-38.jpeg'),
(39, 'Представительство в судах', '2012-01-16 20:46:08', 1, 'img_16-01-2012-20-46-08.jpeg'),
(40, 'Взыскание долгов', '2012-01-16 20:47:52', 1, 'img_16-01-2012-20-47-52.jpeg'),
(41, 'Споры со страховыми компаниями по ДТП', '2012-01-16 20:52:12', 1, 'img_16-01-2012-20-52-12.jpeg'),
(42, 'Земельные вопросы', '2012-01-16 21:09:28', 1, 'img_16-01-2012-21-09-28.jpg'),
(43, 'Споры по ДТП', '2012-01-17 13:10:25', 1, 'img_18-01-2012-14-13-21.gif'),
(44, 'Возврат процентов по кредитам', '2012-01-17 14:22:02', 1, 'img_18-01-2012-14-15-50.gif'),
(45, 'Помощь при лишении прав', '2012-01-17 14:51:05', 1, 'img_18-01-2012-14-03-35.gif'),
(46, 'Оформление земельных участков', '2012-01-17 15:08:17', 1, 'img_17-01-2012-15-08-17.jpg'),
(49, 'Вид с переди', '2012-01-18 16:38:15', 10, 'img_18-01-2012-16-38-15.jpeg'),
(50, 'Вид с боку', '2012-01-18 16:39:30', 10, 'img_18-01-2012-16-39-30.jpeg'),
(51, 'Вид с зади', '2012-01-18 16:39:42', 10, 'img_18-01-2012-16-39-42.jpeg'),
(52, '', '2012-01-18 18:18:34', 9, 'img_18-01-2012-18-18-34.png'),
(53, '', '2012-01-18 18:19:30', 9, 'img_18-01-2012-18-19-30.png'),
(54, '', '2012-01-18 18:25:44', 9, 'img_18-01-2012-18-25-44.jpg'),
(55, '', '2012-01-18 18:34:34', 9, 'img_18-01-2012-18-34-34.jpg'),
(56, '', '2012-01-18 18:40:28', 9, 'img_18-01-2012-18-40-28.png');

-- --------------------------------------------------------

--
-- Структура таблицы `gallery_company`
--
-- Создание: Янв 04 2012 г., 10:57
--

DROP TABLE IF EXISTS `gallery_company`;
CREATE TABLE IF NOT EXISTS `gallery_company` (
  `gallery_id` int(10) unsigned NOT NULL,
  `company_id` int(10) unsigned NOT NULL,
  KEY `fk_tm_task_document_tm_document1` (`gallery_id`),
  KEY `fk_gallery_company_company1` (`company_id`)
) ENGINE=InnoDB DEFAULT CHARSET=utf8;

--
-- Дамп данных таблицы `gallery_company`
--

INSERT INTO `gallery_company` (`gallery_id`, `company_id`) VALUES
(12, 4),
(13, 4),
(14, 4),
(37, 8),
(38, 8),
(39, 8),
(40, 8),
(41, 8),
(42, 8);

-- --------------------------------------------------------

--
-- Структура таблицы `gallery_product`
--
-- Создание: Янв 04 2012 г., 10:57
--

DROP TABLE IF EXISTS `gallery_product`;
CREATE TABLE IF NOT EXISTS `gallery_product` (
  `gallery_id` int(10) unsigned NOT NULL,
  `product_id` int(10) unsigned NOT NULL,
  PRIMARY KEY (`gallery_id`,`product_id`),
  KEY `fk_table1_product1` (`product_id`)
) ENGINE=InnoDB DEFAULT CHARSET=utf8;

--
-- Дамп данных таблицы `gallery_product`
--

INSERT INTO `gallery_product` (`gallery_id`, `product_id`) VALUES
(43, 20),
(44, 21),
(45, 22),
(46, 23),
(49, 24),
(50, 24),
(51, 24),
(52, 26),
(53, 27),
(54, 28),
(55, 29),
(56, 30);

-- --------------------------------------------------------

--
-- Структура таблицы `product`
--
-- Создание: Янв 04 2012 г., 10:57
--

DROP TABLE IF EXISTS `product`;
CREATE TABLE IF NOT EXISTS `product` (
  `id` int(10) unsigned NOT NULL AUTO_INCREMENT,
  `product_rubric_id` int(10) unsigned NOT NULL,
  `title` varchar(255) NOT NULL,
  `img` varchar(255) DEFAULT NULL,
  `short_text` varchar(255) DEFAULT NULL,
  `full_text` text,
  `price` decimal(12,2) unsigned DEFAULT NULL,
  `company_id` int(10) unsigned NOT NULL,
  `on_first_page` tinyint(1) NOT NULL DEFAULT '0',
  PRIMARY KEY (`id`),
  KEY `fk_product_product_rubric1` (`product_rubric_id`),
  KEY `company_id` (`company_id`)
) ENGINE=InnoDB  DEFAULT CHARSET=utf8 AUTO_INCREMENT=31 ;

--
-- Дамп данных таблицы `product`
--

INSERT INTO `product` (`id`, `product_rubric_id`, `title`, `img`, `short_text`, `full_text`, `price`, `company_id`, `on_first_page`) VALUES
(20, 10, 'Споры по ДТП', 'img_17-01-2012-13-07-07.jpeg', 'Споры со страховыми компаниями по ДТП', 'Споры со страховыми компаниями по \r\n-взысканию недополученной суммы \r\n-проведение оценки автомобиля при ДТП\r\n-жалобы в РСА на стаховые компании\r\n-взыскание ссуммы ущерба при ДТП .\r\n\r\nПо вопросам акции звонить- 8902755550 Максим Зотов.', 10000.00, 8, 1),
(21, 10, 'Возврат % по кредитам', 'img_17-01-2012-14-19-19.jpg', 'Возврат процентов по кредитам банков.', 'Компания "Альфа" имеет большой опыт участия в подобных делах, предлагает услуги по:\r\n\r\nСоставлению исковых заявлений о признании условий кредитного договора недействительными;\r\n\r\nПредставление интересов доверителя в суде;\r\n\r\nВзаимодействие с судебными приставами по вопросу исполнения данных судебных актов.', 10000.00, 8, 1),
(22, 10, 'Помощь при лишении ВУ', 'img_18-01-2012-14-02-39.gif', 'Помощь при лишении прав ', 'Лишить права управления транспортным средством водителя, согласно ПДД, могут на срок 1 – 12 месяцев. Это является одним из суровейших наказаний, которые предусматриваются законом для владельцев транспортных средства.\r\n\r\nПочти все нарушение, совершаемые водителями на дороге, могут нести другое наказание - уплата штрафа, но существуют некоторые виды нарушений, приводящие исключительно к лишению права управлять транспортным средством. Такие нарушения представлены выездом на встречную полосу, превышением максимальной скорости более чем на 60 км/ч, а также вождением транспорта в пьяном виде. Помимо этого остаться без прав на долгий период времени можно за управление машиной без номера, управление автомобилем, оснащённым световыми приборами, которые не соответствуют требованиям ПДД, а также управление транспортом, кузов которого снабжён рисунками, незарегистрированными в техпаспорте на транспортное средство.  ', 15000.00, 8, 1),
(23, 10, 'Оформление земли', 'img_17-01-2012-15-07-26.jpg', 'Оформление земельного участка и строений.', 'ЮК"Альфа" предлагает оформление земельных участков и строений,со скидкой в 50% на наши услуги! ', 50000.00, 8, 1),
(24, 15, 'LCD-TV Samsung LE-40D55', 'img_18-01-2012-16-19-33.jpeg', 'Продажа телевизора LCD-TV Samsung LE-40D551K2W со скидкой 15%!\r\nТелевизор в наличии!', 'Основные характеристики\r\nТип	ЖК-телевизор\r\nДиагональ	40" (102 см)\r\nФормат экрана	16:9\r\nРазрешение	1920x1080\r\nПоддержка HDTV	есть, 1080p (Full HD)\r\nСтереозвук	есть\r\nЧастота обновления	50 Гц\r\nИзображение\r\nПрогрессивная развертка	есть\r\nПрием сигнала\r\nПоддержка стереозвука NICAM	есть\r\nПоддержка телевизионных стандартов	PAL, SECAM, NTSC\r\nПоддержка DVB-T	DVB-T MPEG4\r\nПоддержка DVB-C	DVB-C MPEG4\r\nТелетекст	есть\r\nПоддерживаемые форматы входного сигнала	480i, 480p, 576i, 576p, 720p, 1080i, 1080p\r\nДоступные разрешения при подключении к ПК	640x480 \r\n800x600 \r\n1024x768 \r\n1280x1024 \r\n1360x768 \r\n1920x1080 \r\nЗвук\r\nМощность звука	20 Вт (2х10 Вт)\r\nАкустическая система	два динамика \r\nОбъемное звучание	есть\r\nДекодер Dolby Digital	есть\r\nМультимедиа\r\nПоддерживаемые форматы	MP3, WMA, MPEG4, Xvid, DivX, MKV, JPEG\r\nИнтерфейсы\r\nВходы	AV, аудио x2, компонентный, SCART, RGB, VGA, HDMI x4, USB x2, Ethernet (RJ-45)\r\nВыходы	оптический\r\nПоддержка Wi-Fi	опционально\r\nРазъем для наушников	есть\r\nСлот для CI/PCMCIA	есть\r\nФункции\r\nКартинка в картинке	есть\r\nКоличество независимых TV-тюнеров	1\r\nПоддержка 24p True Cinema	есть\r\nПоддержка DLNA	есть\r\nТаймер сна	есть\r\nЗащита от детей	есть\r\nЭкранное меню на русском	есть\r\nДополнительно\r\nЦвет	черный\r\nВозможность крепления на стену	есть', 21990.00, 13, 1),
(25, 14, 'МФУ Epson S Photo TX659', 'img_18-01-2012-16-36-36.jpeg', '', 'Общие характеристики\r\nУстройство	принтер/сканер/копир\r\nТип печати	цветная\r\nТехнология печати	пьезоэлектрическая струйная\r\nРазмещение	настольный\r\nПринтер\r\nМаксимальный формат	A4\r\nПечать фотографий	есть\r\nКоличество цветов	6\r\nМинимальный объем капли	1.5 пл\r\nПечать без полей	есть\r\nМаксимальное разрешение для цветной печати	5760x1440 dpi\r\nСкорость печати	37 стр/мин (ч/б А4), 38 стр/мин (цветн. А4)\r\nВремя печати 10x15 см (цветн.)	12 с\r\nСканер\r\nТип сканера	планшетный\r\nТип датчика	контактный (CIS)\r\nМаксимальный формат оригинала	A4\r\nМаксимальный размер сканирования	216x297 мм\r\nРазрешение сканера	1200x2400 dpi\r\nСкорость сканирования (цветн.)	28 (мсек/линия) ( A4 текст, 1200 dpi)\r\nСкорость сканирования (ч/б)	10 (мсек/линия) ( A4 текст, 1200 dpi)\r\nКопир\r\nСкорость копирования	37 стр/мин (ч/б А4), 38 стр/мин (цветн. А4)\r\nИзменение масштаба	25-400 %\r\nМаксимальное количество копий за цикл	99\r\nЛотки\r\nПодача бумаги	120 лист. (стандартная), 120 лист. (максимальная)\r\nРасходные материалы\r\nПлотность бумаги	64-300 г/м2\r\nПечать на:	карточках, пленках, этикетках, фотобумаге, CD/DVD, глянцевой бумаге, конвертах, матовой бумаге\r\nКоличество картриджей	6\r\nТип картриджа/тонера	T0821 (черный), T0825 (светло-голубой), T0824 (желтый), T0822 (голубой), T0826 (светло-пурпурный), T0823 (пурпурный)\r\nИнтерфейсы\r\nИнтерфейсы	USB 2.0\r\nУстройство для чтения карт памяти	есть\r\nПоддержка карт памяти	Compact Flash, Memory Stick, Memory Stick Duo, Memory Stick Pro, Memory Stick Pro Duo, MMC, SD, xD-Picture\r\nПрямая печать	есть\r\nШрифты и языки управления\r\nПоддержка PostScript	нет\r\nДополнительная информация\r\nПоддержка ОС	Windows, Mac OS\r\nОтображение информации	цветной ЖК-дисплей\r\nДиагональ дисплея	2.5 дюйм.\r\nГабариты (ШхВхГ)	450x195x386 мм', 7500.00, 13, 1),
(26, 9, 'ТУРЦИЯ ЛЕТО - 2012!', 'img_18-01-2012-18-08-32.png', 'ОТКРЫТО БРОНИРОВАНИЕ ТУРОВ В ТУРЦИЮ ИЗ КЕМЕРОВО НА СЕЗОН ЛЕТО — 2012!', 'ОТКРЫТО БРОНИРОВАНИЕ ТУРОВ В ТУРЦИЮ ИЗ КЕМЕРОВО НА СЕЗОН ЛЕТО — 2012! СПЕШИТЕ! ТОЛЬКО ПО АКЦИИ «РАНЕЕ БРОНИРОВАНИЕ» СКИДКИ 50% ОТ ТУРОПЕРАТОРОВ! + СКИДКИ ОТ НАШЕГО ТУРИСТИЧЕСКОГО АГЕНТСТВА ДО 10%!\r\n\r\nСПЕШИТЕ! НАЛИЧИЕ ВЫСОКИХ СКИДОК ДЕЙСТВИТЕЛЬНО ТОЛЬКО ДО КОНЦА АПРЕЛЯ! ХОРОШИЕ ОТЕЛИ И МЕСТА НА РЕЙС РАСКУПАЮТ УЖЕ ПРЯМО СЕЙЧАС!', 40000.00, 4, 1),
(27, 9, 'ИСПАНИЯ ЛЕТО 2012!', 'img_18-01-2012-18-16-23.png', 'ОТКРЫТО БРОНИРОВАНИЕ ТУРОВ В ИСПАНИЮ ИЗ КЕМЕРОВО НА СЕЗОН ЛЕТО — 2012!', 'ОТКРЫТО БРОНИРОВАНИЕ ТУРОВ В ИСПАНИЮ ИЗ КЕМЕРОВО НА СЕЗОН ЛЕТО — 2012! СПЕШИТЕ! ТОЛЬКО ПО АКЦИИ «РАНЕЕ БРОНИРОВАНИЕ» СКИДКИ 50% ОТ ТУРОПЕРАТОРОВ! + СКИДКИ ОТ НАШЕГО ТУРИСТИЧЕСКОГО АГЕНТСТВА ДО 10%!\r\n\r\nСПЕШИТЕ! НАЛИЧИЕ ВЫСОКИХ СКИДОК ДЕЙСТВИТЕЛЬНО ТОЛЬКО ДО КОНЦА АПРЕЛЯ! ХОРОШИЕ ОТЕЛИ И МЕСТА НА РЕЙС РАСКУПАЮТ УЖЕ ПРЯМО СЕЙЧАС!', 36000.00, 4, 1),
(28, 9, 'ТУНИС ЛЕТО 2012!', 'img_18-01-2012-18-22-38.jpg', 'ОТКРЫТО БРОНИРОВАНИЕ ТУРОВ В ТУНИС ИЗ НОВОСИБИРСКА НА СЕЗОН ЛЕТО — 2012!', 'ОТКРЫТО БРОНИРОВАНИЕ ТУРОВ В ТУНИС ИЗ НОВОСИБИРСКА НА СЕЗОН ЛЕТО — 2012! СПЕШИТЕ! ТОЛЬКО ПО АКЦИИ «РАНЕЕ БРОНИРОВАНИЕ» СКИДКИ 50% ОТ ТУРОПЕРАТОРОВ! + СКИДКИ ОТ НАШЕГО ТУРИСТИЧЕСКОГО АГЕНТСТВА ДО 10%!\r\n\r\nСПЕШИТЕ! НАЛИЧИЕ ВЫСОКИХ СКИДОК ДЕЙСТВИТЕЛЬНО ТОЛЬКО ДО КОНЦА АПРЕЛЯ! ХОРОШИЕ ОТЕЛИ И МЕСТА НА РЕЙС РАСКУПАЮТ УЖЕ ПРЯМО СЕЙЧАС!\r\n', 36000.00, 4, 1),
(29, 9, 'КИПР ЛЕТО 2012!', 'img_18-01-2012-18-34-16.jpg', 'Открыто раннее бронирование туров на остров Кипр с прямыми вылетами из Новосибирска!', 'Открыто раннее бронирование туров на остров Кипр с прямыми вылетами из Новосибирска! Предоставляем высокие скидки! Различные категории отелей, концепции питания, побережья! Чтобы проконсультироваться с менеджером вам достаточно придти к нам в офис или позвонить по телефону 330-888, и наш менеджер предоставит вам всю информацию!', 30000.00, 4, 1),
(30, 9, 'ГРЕЦИЯ ЛЕТО 2012!', 'img_18-01-2012-18-40-04.png', 'Открыто раннее бронирование туров в Грецию (о.Крит) с прямыми вылетами из Кемерово! ', 'Открыто раннее бронирование туров в Грецию (о.Крит) с прямыми вылетами из Кемерово! Предоставляем высокие скидки! Различные категории отелей, концепции питания, побережья! Чтобы проконсультироваться с менеджером вам достаточно придти к нам в офис или позвонить по телефону 330-888, и наш менеджер предоставит вам всю информацию!', 33000.00, 4, 1);

-- --------------------------------------------------------

--
-- Структура таблицы `product_attribute`
--
-- Создание: Янв 04 2012 г., 10:57
--

DROP TABLE IF EXISTS `product_attribute`;
CREATE TABLE IF NOT EXISTS `product_attribute` (
  `product_id` int(10) unsigned NOT NULL,
  `attribute_key` varchar(255) NOT NULL,
  `type_id` int(10) unsigned NOT NULL,
  `attribute_value` text NOT NULL,
  `is_fill` tinyint(1) NOT NULL DEFAULT '0',
  PRIMARY KEY (`product_id`,`attribute_key`),
  KEY `fk_tm_task_attribute_tm_task_attribute_type1` (`type_id`),
  KEY `fk_tm_task_attribute_tm_task1` (`product_id`),
  KEY `attribute_key` (`attribute_key`)
) ENGINE=InnoDB DEFAULT CHARSET=utf8;

--
-- Дамп данных таблицы `product_attribute`
--

INSERT INTO `product_attribute` (`product_id`, `attribute_key`, `type_id`, `attribute_value`, `is_fill`) VALUES
(20, 'description', 2, 'орпорп', 0),
(20, 'discount', 1, '70', 0),
(20, 'discount_type', 3, '%', 0),
(20, 'second_price', 1, '3000', 0),
(20, 'terms_of_stock', 2, 'Акция проводится до 1 мая 2012 года ЮК &quot;Альфа&quot;! Участвуют все граждане , незаслуженно обиженные страховыми компаниями!', 0),
(21, 'description', 2, 'В последние годы большое развитие в Российской Федерации получило потребительское кредитование и, в особенности, экспресс-кредитование физических лиц.\r\n В связи с этим участились жалобы граждан на действия банков по системе расчета процентов за пользование кредитом, при которой к самим процентам как плате за кредит прибавляются и единовременные платежи, и ежемесячные комиссии за услуги, которые непосредственно не связаны с кредитным договором.\r\n Самыми распространенными среди данных платежей, не связанных с кредитом, являются:\r\n -Комиссия за ведение ссудного счета;\r\n -Платеж за рассмотрения заявки на кредит;\r\n -Иные комиссии за ведение операций по счету.\r\nБольшинство данных комиссий за дополнительные услуги исчисляются в процентном отношении к сумме выдаваемого кредита, составляя такое понятие, как «скрытые» проценты, что противоречит нормам действующего законодательства, являются нарушением прав заемщика, как потребителя данного вида услуги.\r\n\r\nПо вопросам акции звонить- 8902755550 Максим Зотов.\r\n', 0),
(21, 'discount', 1, '70', 0),
(21, 'discount_type', 3, '%', 0),
(21, 'second_price', 1, '3000', 0),
(21, 'terms_of_stock', 2, 'Акция проводится до 1 мая 2012 года ЮК&quot;Альфа&quot;! Участвую все желающие получить свои деньги обратно!', 0),
(22, 'description', 2, 'Лишить права управления транспортным средством водителя, согласно ПДД, могут на срок 1 – 12 месяцев. Это является одним из суровейших наказаний, которые предусматриваются законом для владельцев транспортных средства.\r\n\r\nПочти все нарушение, совершаемые водителями на дороге, могут нести другое наказание - уплата штрафа, но существуют некоторые виды нарушений, приводящие исключительно к лишению права управлять транспортным средством. Такие нарушения представлены выездом на встречную полосу, превышением максимальной скорости более чем на 60 км/ч, а также вождением транспорта в пьяном виде. Помимо этого остаться без прав на долгий период времени можно за управление машиной без номера, управление автомобилем, оснащённым световыми приборами, которые не соответствуют требованиям ПДД, а также управление транспортом, кузов которого снабжён рисунками, незарегистрированными в техпаспорте на транспортное средство.\r\n \r\n По вопросам акции звонить- 89027555550 Максим Зотов.', 0),
(22, 'discount', 1, '65', 0),
(22, 'discount_type', 3, '%', 0),
(22, 'second_price', 1, '5000', 0),
(22, 'terms_of_stock', 2, 'Акция проводится до 1 мая 2012 года ЮК&quot;Альфа&quot;! Участвуют все желающие, оставшиеся или еще нет без водительского удостоверения! Звоните ,мы поможем!', 0),
(23, 'description', 2, 'ЮК&quot;Альфа&quot; предлагает оформление земельных участков и строений,со скидкой в 50% на наши услуги! \r\n\r\nДля обсуждения , необходимо позвонить по телефону 89502727705 - Константин Феклин.', 0),
(23, 'discount', 1, '50', 0),
(23, 'discount_type', 3, '%', 0),
(23, 'second_price', 1, '25000', 0),
(23, 'terms_of_stock', 2, 'Акция проводится до 1 июля 2012 года.Участвуют все желающие привести свои документы в порядок!', 0),
(24, 'description', 2, 'Успей сделать подарок!', 0),
(24, 'discount', 1, '15', 0),
(24, 'discount_type', 3, '%', 0),
(24, 'second_price', 1, '18990', 0),
(24, 'terms_of_stock', 2, 'Акция проводится  магазином &quot;Абсолют&quot; до 23 февраля 2012 года включительно.\r\n', 0),
(25, 'description', 2, '', 0),
(25, 'discount', 1, '15', 0),
(25, 'discount_type', 3, '%', 0),
(25, 'second_price', 1, '6375', 0),
(25, 'terms_of_stock', 2, 'Акция проводится магазином &quot;Абсолют&quot; бессрочно!', 0),
(26, 'description', 2, '', 0),
(26, 'discount', 1, '50', 0),
(26, 'discount_type', 3, '%', 0),
(26, 'second_price', 1, '20000', 0),
(26, 'terms_of_stock', 2, 'ЧТОБЫ ПОПАСТЬ ПОД АКЦИЮ РАННЕГО БРОНИРОВАНИЯ ВАМ НУЖНО ВСЕГО ЛИШЬ ПРИДТИ К НАМ В ОФИС И ВЫБРАТЬ ПОНРАВИВШИЙСЯ ОТЕЛЬ! ВСЮ ИНФОРМАЦИЮ О СТРАНЕ ВАМ ПРЕДОСТАВИТ НАШ МЕНЕДЖЕР И ПОМОЖЕТ В ВЫБОРЕ МЕСТА ОТДЫХА НА ПОБЕРЕЖЬЕ ТУРЦИИ! ВЫ ТАК ЖЕ МОЖЕТЕ ПОЗВОНИТЬ ПО ТЕЛЕФОНУ 330-888 И ДОГОВОРИТЬСЯ О ВСТРЕЧЕ ИЛИ ПОЛУЧИТЬ НУЖНУЮ ИНФОРМАЦИЮ!', 0),
(27, 'description', 2, '', 0),
(27, 'discount', 1, '20', 0),
(27, 'discount_type', 3, '%', 0),
(27, 'second_price', 1, '28800', 0),
(27, 'terms_of_stock', 2, 'ЧТОБЫ ПОПАСТЬ ПОД АКЦИЮ РАННЕГО БРОНИРОВАНИЯ ВАМ НУЖНО ВСЕГО ЛИШЬ ПРИДТИ К НАМ В ОФИС И ВЫБРАТЬ ПОНРАВИВШИЙСЯ ОТЕЛЬ! ВСЮ ИНФОРМАЦИЮ О СТРАНЕ ВАМ ПРЕДОСТАВИТ НАШ МЕНЕДЖЕР И ПОМОЖЕТ В ВЫБОРЕ МЕСТА ОТДЫХА НА ПОБЕРЕЖЬЕ ИСПАНИИ! ВЫ ТАК ЖЕ МОЖЕТЕ ПОЗВОНИТЬ ПО ТЕЛЕФОНУ 330-888 И ДОГОВОРИТЬСЯ О ВСТРЕЧЕ ИЛИ ПОЛУЧИТЬ НУЖНУЮ ИНФОРМАЦИЮ!', 0),
(28, 'description', 2, '', 0),
(28, 'discount', 1, '20', 0),
(28, 'discount_type', 3, '%', 0),
(28, 'second_price', 1, '28800', 0),
(28, 'terms_of_stock', 2, 'ЧТОБЫ ПОПАСТЬ ПОД АКЦИЮ РАННЕГО БРОНИРОВАНИЯ ВАМ НУЖНО ВСЕГО ЛИШЬ ПРИДТИ К НАМ В ОФИС И ВЫБРАТЬ ПОНРАВИВШИЙСЯ ОТЕЛЬ! ВСЮ ИНФОРМАЦИЮ О СТРАНЕ ВАМ ПРЕДОСТАВИТ НАШ МЕНЕДЖЕР И ПОМОЖЕТ В ВЫБОРЕ МЕСТА ОТДЫХА НА ПОБЕРЕЖЬЕ ТУНИСА! ВЫ ТАК ЖЕ МОЖЕТЕ ПОЗВОНИТЬ ПО ТЕЛЕФОНУ 330-888 И ДОГОВОРИТЬСЯ О ВСТРЕЧЕ ИЛИ ПОЛУЧИТЬ НУЖНУЮ ИНФОРМАЦИЮ!', 0),
(29, 'description', 2, '', 0),
(29, 'discount', 1, '20', 0),
(29, 'discount_type', 3, '%', 0),
(29, 'second_price', 1, '24000', 0),
(29, 'terms_of_stock', 2, 'Акция &quot;раннее бронирование&quot; действительна до конца апреля!', 0),
(30, 'description', 2, '', 0),
(30, 'discount', 1, '20', 0),
(30, 'discount_type', 3, '%', 0),
(30, 'second_price', 1, '26400', 0),
(30, 'terms_of_stock', 2, 'Акция &quot;раннее бронирование&quot; действует до конца апреля!', 0);

-- --------------------------------------------------------

--
-- Структура таблицы `product_attribute_type`
--
-- Создание: Янв 04 2012 г., 10:57
--

DROP TABLE IF EXISTS `product_attribute_type`;
CREATE TABLE IF NOT EXISTS `product_attribute_type` (
  `id` int(10) unsigned NOT NULL AUTO_INCREMENT,
  `title` varchar(50) NOT NULL,
  `handler` varchar(100) NOT NULL,
  `description` varchar(255) NOT NULL,
  PRIMARY KEY (`id`),
  UNIQUE KEY `title_UNIQUE` (`title`)
) ENGINE=InnoDB  DEFAULT CHARSET=utf8 AUTO_INCREMENT=5 ;

--
-- Дамп данных таблицы `product_attribute_type`
--

INSERT INTO `product_attribute_type` (`id`, `title`, `handler`, `description`) VALUES
(1, 'Строка', 'TM_Attribute_AttributeType', 'Любое строковое значение'),
(2, 'Текст', 'TM_Attribute_AttributeTypeText', 'Многострочный  текст'),
(3, 'Список', 'TM_Attribute_AttributeTypeList', 'Список из возможных вариантов'),
(4, 'Дата', 'TM_Attribute_AttributeTypeDate', '');

-- --------------------------------------------------------

--
-- Структура таблицы `product_hash`
--
-- Создание: Янв 04 2012 г., 10:57
--

DROP TABLE IF EXISTS `product_hash`;
CREATE TABLE IF NOT EXISTS `product_hash` (
  `product_id` int(10) unsigned DEFAULT NULL,
  `attribute_key` varchar(255) NOT NULL,
  `title` varchar(255) NOT NULL,
  `type_id` int(10) unsigned NOT NULL,
  `list_value` text,
  `required` tinyint(1) NOT NULL DEFAULT '0',
  `sort_order` int(10) unsigned NOT NULL DEFAULT '10000',
  PRIMARY KEY (`attribute_key`),
  KEY `fk_tm_task_hash_tm_task_attribute_type1` (`type_id`),
  KEY `fk_tm_task_hash_tm_task1` (`product_id`)
) ENGINE=InnoDB DEFAULT CHARSET=utf8;

--
-- Дамп данных таблицы `product_hash`
--

INSERT INTO `product_hash` (`product_id`, `attribute_key`, `title`, `type_id`, `list_value`, `required`, `sort_order`) VALUES
(NULL, 'description', 'Описание акции', 2, ' ', 0, 10000),
(NULL, 'discount', 'Скидка', 1, '    ', 1, 1),
(NULL, 'discount_type', 'В чем измеряется скидка', 3, '*%||р.||$||€  ', 1, 2),
(NULL, 'second_price', 'Цена со скидкой', 1, ' ', 0, 1000),
(NULL, 'terms_of_stock', 'Условия и сроки проведения', 2, ' ', 0, 1000);

-- --------------------------------------------------------

--
-- Структура таблицы `product_like`
--
-- Создание: Янв 10 2012 г., 17:38
--

DROP TABLE IF EXISTS `product_like`;
CREATE TABLE IF NOT EXISTS `product_like` (
  `product_id` int(10) unsigned NOT NULL,
  `like` int(10) unsigned NOT NULL DEFAULT '0',
  `unlike` int(10) unsigned NOT NULL DEFAULT '0',
  PRIMARY KEY (`product_id`)
) ENGINE=InnoDB DEFAULT CHARSET=utf8;

-- --------------------------------------------------------

--
-- Структура таблицы `product_like_ip`
--
-- Создание: Янв 12 2012 г., 15:09
--

DROP TABLE IF EXISTS `product_like_ip`;
CREATE TABLE IF NOT EXISTS `product_like_ip` (
  `id` int(10) unsigned NOT NULL AUTO_INCREMENT,
  `date_visit` date NOT NULL,
  `product_id` int(10) unsigned NOT NULL,
  `ip` varchar(15) NOT NULL,
  `user_agent` text NOT NULL,
  `cookie` varchar(255) NOT NULL,
  PRIMARY KEY (`id`),
  KEY `product_id` (`product_id`)
) ENGINE=InnoDB  DEFAULT CHARSET=utf8 AUTO_INCREMENT=21 ;

--
-- Дамп данных таблицы `product_like_ip`
--

INSERT INTO `product_like_ip` (`id`, `date_visit`, `product_id`, `ip`, `user_agent`, `cookie`) VALUES
(13, '2012-01-17', 21, '213.87.120.194', 'Opera/9.80 (Windows NT 6.1; U; ru) Presto/2.10.229 Version/11.60', '88530e3ebeec6ab6f85112e5d353a7d1'),
(14, '2012-01-18', 22, '213.87.123.234', 'Opera/9.80 (Windows NT 6.1; U; ru) Presto/2.10.229 Version/11.60', '44354d464fa2967600edbc8a843629d0'),
(15, '2012-01-18', 21, '91.208.187.146', 'Mozilla/5.0 (Windows NT 6.1; WOW64) AppleWebKit/535.7 (KHTML, like Gecko) Chrome/16.0.912.75 Safari/535.7', '9764f6797a987a06c18354136c808d4d'),
(18, '2012-01-18', 23, '91.208.187.146', 'Mozilla/5.0 (Windows NT 6.1; WOW64) AppleWebKit/535.7 (KHTML, like Gecko) Chrome/16.0.912.75 Safari/535.7', '9764f6797a987a06c18354136c808d4d'),
(19, '2012-01-18', 22, '91.208.187.146', 'Mozilla/5.0 (Windows NT 6.1; WOW64) AppleWebKit/535.7 (KHTML, like Gecko) Chrome/16.0.912.75 Safari/535.7', '9764f6797a987a06c18354136c808d4d'),
(20, '2012-01-18', 24, '213.87.123.234', 'Opera/9.80 (Windows NT 6.1; U; ru) Presto/2.10.229 Version/11.60', 'b7c8ddc70e94cc693dd31f1146b1fa1d');

-- --------------------------------------------------------

--
-- Структура таблицы `product_rubric`
--
-- Создание: Янв 04 2012 г., 10:57
--

DROP TABLE IF EXISTS `product_rubric`;
CREATE TABLE IF NOT EXISTS `product_rubric` (
  `id` int(10) unsigned NOT NULL AUTO_INCREMENT,
  `title` varchar(255) NOT NULL,
  `parent_id` int(10) unsigned DEFAULT NULL,
  `is_root` tinyint(1) NOT NULL DEFAULT '0',
  PRIMARY KEY (`id`),
  KEY `fk_product_rubric_product_rubric` (`parent_id`)
) ENGINE=InnoDB  DEFAULT CHARSET=utf8 AUTO_INCREMENT=17 ;

--
-- Дамп данных таблицы `product_rubric`
--

INSERT INTO `product_rubric` (`id`, `title`, `parent_id`, `is_root`) VALUES
(1, 'root', NULL, 1),
(2, 'Продовольственные', 1, 0),
(3, 'Фрукты', 2, 0),
(4, 'Одежда и обувь', 1, 0),
(5, 'Бытовая химия', 4, 0),
(6, 'Одежда', 4, 0),
(8, 'Овощи', 2, 0),
(9, 'Турагенства', 1, 0),
(10, 'Юридические услуги', 1, 0),
(11, 'Интернет-магазины', 1, 0),
(12, 'Товары для дома', 1, 0),
(14, 'Компьютеры и связь', 1, 0),
(15, 'Техника-электроника', 1, 0),
(16, 'обувь мужская', 4, 0);

-- --------------------------------------------------------

--
-- Структура таблицы `tm_acl_role`
--
-- Создание: Янв 04 2012 г., 10:57
--

DROP TABLE IF EXISTS `tm_acl_role`;
CREATE TABLE IF NOT EXISTS `tm_acl_role` (
  `tm_user_role_id` int(10) unsigned NOT NULL,
  `tm_user_resource_id` int(10) unsigned NOT NULL,
  `is_allow` tinyint(1) NOT NULL DEFAULT '0',
  `privileges` varchar(255) NOT NULL,
  PRIMARY KEY (`tm_user_role_id`,`tm_user_resource_id`),
  KEY `tm_user_resource_id` (`tm_user_resource_id`)
) ENGINE=InnoDB DEFAULT CHARSET=utf8;

--
-- Дамп данных таблицы `tm_acl_role`
--

INSERT INTO `tm_acl_role` (`tm_user_role_id`, `tm_user_resource_id`, `is_allow`, `privileges`) VALUES
(1, 1, 1, 'show'),
(1, 2, 1, 'show'),
(1, 3, 1, 'show'),
(1, 4, 1, 'show'),
(1, 5, 1, 'show'),
(1, 6, 1, 'show'),
(1, 7, 1, 'show'),
(1, 8, 1, 'show'),
(1, 15, 1, 'show,show-attribute-hash,show-attribute-type,show-resource'),
(1, 19, 1, 'show'),
(1, 20, 1, 'show'),
(1, 21, 1, 'show'),
(1, 22, 1, 'show'),
(1, 23, 1, 'show'),
(1, 24, 1, 'show'),
(1, 25, 1, 'show'),
(1, 59, 1, 'show'),
(1, 67, 1, 'show'),
(1, 68, 1, 'show'),
(1, 69, 1, 'show'),
(1, 70, 1, 'show'),
(1, 71, 1, 'show'),
(1, 72, 1, 'show'),
(1, 76, 1, 'show'),
(1, 77, 1, 'show'),
(1, 78, 1, 'show'),
(1, 79, 1, 'show'),
(1, 80, 1, 'show'),
(1, 81, 1, 'show'),
(1, 82, 1, 'show'),
(1, 83, 1, 'show'),
(1, 84, 1, 'show'),
(1, 85, 1, 'show'),
(1, 86, 1, 'show,show-attribute-hash,show-attribute-type'),
(1, 87, 1, 'show'),
(1, 88, 1, 'show'),
(1, 89, 1, 'show'),
(1, 90, 1, 'show'),
(1, 91, 1, 'show'),
(1, 92, 1, 'show'),
(1, 93, 1, 'show'),
(1, 94, 1, 'show'),
(1, 95, 1, 'show'),
(1, 96, 1, 'show'),
(1, 97, 1, 'show'),
(1, 98, 1, 'show'),
(1, 99, 1, 'show'),
(1, 100, 1, 'show'),
(1, 101, 1, 'show'),
(1, 102, 1, 'show'),
(1, 103, 1, 'show'),
(1, 104, 1, 'show'),
(1, 105, 1, 'show'),
(1, 106, 1, 'show'),
(1, 107, 1, 'show'),
(1, 108, 1, 'show'),
(1, 109, 1, 'show'),
(1, 110, 1, 'show'),
(1, 111, 1, 'show'),
(1, 112, 1, 'show'),
(1, 113, 1, 'show'),
(1, 114, 1, 'show'),
(1, 115, 1, 'show'),
(1, 116, 1, 'show'),
(1, 117, 1, 'show'),
(1, 118, 1, 'show'),
(1, 119, 1, 'show'),
(1, 120, 1, 'show'),
(1, 121, 1, 'show'),
(1, 122, 1, 'show'),
(1, 123, 1, 'show'),
(1, 124, 1, 'show'),
(1, 125, 1, 'show'),
(1, 126, 1, 'show'),
(1, 127, 1, 'show'),
(1, 128, 1, 'show'),
(1, 129, 1, 'show'),
(1, 130, 1, 'show'),
(1, 131, 1, 'show'),
(1, 132, 1, 'show'),
(1, 133, 1, 'show'),
(1, 134, 1, 'show'),
(1, 135, 1, 'show,show-place'),
(1, 136, 1, 'show'),
(1, 137, 1, 'show'),
(1, 138, 1, 'show'),
(1, 139, 1, 'show'),
(1, 140, 1, 'show'),
(1, 141, 1, 'show'),
(1, 142, 1, 'show'),
(1, 143, 1, 'show'),
(1, 144, 1, 'show'),
(1, 145, 1, 'show'),
(1, 146, 1, 'show'),
(3, 1, 1, 'show'),
(3, 2, 1, 'show'),
(3, 3, 1, 'show'),
(3, 4, 1, 'show'),
(3, 5, 0, 'show'),
(3, 6, 0, 'show'),
(3, 7, 0, 'show'),
(3, 8, 0, 'show'),
(3, 15, 0, 'show'),
(3, 19, 0, 'show'),
(3, 20, 0, 'show'),
(3, 21, 0, 'show'),
(3, 22, 0, 'show'),
(3, 23, 0, 'show'),
(3, 24, 0, 'show'),
(3, 25, 0, 'show'),
(3, 59, 0, 'show'),
(3, 67, 0, 'show'),
(3, 68, 0, 'show'),
(3, 69, 0, 'show'),
(3, 70, 0, 'show'),
(3, 71, 0, 'show'),
(3, 72, 0, 'show'),
(3, 76, 0, 'show'),
(3, 77, 0, 'show'),
(3, 78, 0, 'show'),
(3, 79, 0, 'show'),
(3, 80, 1, 'show'),
(3, 81, 1, 'show'),
(3, 82, 0, 'show'),
(3, 83, 0, 'show'),
(3, 84, 0, 'show'),
(3, 85, 1, 'show'),
(3, 86, 1, 'show'),
(3, 87, 0, 'show'),
(3, 88, 0, 'show'),
(3, 89, 0, 'show'),
(3, 90, 0, 'show'),
(3, 91, 0, 'show'),
(3, 92, 0, 'show'),
(3, 93, 0, 'show'),
(3, 94, 0, 'show'),
(3, 95, 0, 'show'),
(3, 96, 0, 'show'),
(3, 97, 0, 'show'),
(3, 98, 0, 'show'),
(3, 99, 0, 'show'),
(3, 100, 0, 'show'),
(3, 101, 1, 'show'),
(3, 102, 1, 'show'),
(3, 103, 1, 'show'),
(3, 104, 1, 'show'),
(3, 105, 1, 'show'),
(4, 1, 1, 'show'),
(4, 2, 1, 'show'),
(4, 3, 1, 'show'),
(4, 4, 1, 'show'),
(4, 5, 0, 'show'),
(4, 6, 0, 'show'),
(4, 7, 0, 'show'),
(4, 8, 0, 'show'),
(4, 15, 0, 'show'),
(4, 19, 0, 'show'),
(4, 20, 0, 'show'),
(4, 21, 0, 'show'),
(4, 22, 0, 'show'),
(4, 23, 0, 'show'),
(4, 24, 0, 'show'),
(4, 25, 0, 'show'),
(4, 59, 0, 'show'),
(4, 67, 0, 'show'),
(4, 68, 0, 'show'),
(4, 69, 0, 'show'),
(4, 70, 0, 'show'),
(4, 71, 0, 'show'),
(4, 72, 0, 'show'),
(4, 76, 0, 'show'),
(4, 77, 0, 'show'),
(4, 78, 0, 'show'),
(4, 79, 0, 'show'),
(4, 80, 1, 'show'),
(4, 81, 1, 'show'),
(4, 82, 1, 'show'),
(4, 83, 1, 'show'),
(4, 84, 1, 'show'),
(4, 85, 1, 'show'),
(4, 86, 1, 'show'),
(4, 87, 1, 'show'),
(4, 88, 1, 'show'),
(4, 89, 1, 'show'),
(4, 90, 1, 'show'),
(4, 91, 1, 'show'),
(4, 92, 1, 'show'),
(4, 93, 1, 'show'),
(4, 94, 1, 'show'),
(4, 95, 1, 'show'),
(4, 96, 1, 'show'),
(4, 97, 0, 'show'),
(4, 98, 0, 'show'),
(4, 99, 0, 'show'),
(4, 100, 1, 'show'),
(4, 101, 1, 'show'),
(4, 102, 1, 'show'),
(4, 103, 1, 'show'),
(4, 104, 1, 'show'),
(4, 105, 1, 'show'),
(4, 106, 1, 'show'),
(4, 107, 1, 'show'),
(4, 108, 1, 'show'),
(4, 109, 1, 'show'),
(4, 110, 0, 'show'),
(4, 111, 0, 'show'),
(4, 112, 0, 'show'),
(4, 113, 0, 'show'),
(4, 114, 1, 'show'),
(4, 115, 1, 'show'),
(4, 116, 1, 'show'),
(4, 117, 1, 'show'),
(4, 118, 1, 'show'),
(4, 119, 1, 'show'),
(4, 120, 1, 'show'),
(4, 121, 1, 'show'),
(4, 122, 1, 'show'),
(4, 123, 1, 'show'),
(4, 124, 1, 'show'),
(4, 125, 1, 'show'),
(4, 126, 1, 'show'),
(4, 127, 1, 'show'),
(4, 128, 1, 'show'),
(4, 129, 1, 'show'),
(4, 130, 1, 'show'),
(4, 131, 1, 'show'),
(4, 132, 1, 'show'),
(4, 133, 1, 'show'),
(4, 134, 1, 'show'),
(4, 135, 0, 'show'),
(4, 136, 0, 'show'),
(4, 137, 0, 'show'),
(4, 138, 0, 'show'),
(4, 139, 0, 'show'),
(4, 140, 0, 'show'),
(4, 141, 0, 'show'),
(4, 142, 0, 'show'),
(4, 143, 0, 'show'),
(4, 144, 1, 'show'),
(4, 145, 0, 'show'),
(4, 146, 1, 'show'),
(5, 1, 1, 'show'),
(5, 2, 1, 'show'),
(5, 3, 1, 'show'),
(5, 4, 1, 'show'),
(5, 5, 0, 'show'),
(5, 6, 0, 'show'),
(5, 7, 0, 'show'),
(5, 8, 0, 'show'),
(5, 15, 0, 'show'),
(5, 19, 0, 'show'),
(5, 20, 0, 'show'),
(5, 21, 0, 'show'),
(5, 22, 0, 'show'),
(5, 23, 0, 'show'),
(5, 24, 0, 'show'),
(5, 25, 0, 'show'),
(5, 59, 0, 'show'),
(5, 67, 0, 'show'),
(5, 68, 0, 'show'),
(5, 69, 0, 'show'),
(5, 70, 0, 'show'),
(5, 71, 0, 'show'),
(5, 72, 0, 'show'),
(5, 76, 0, 'show'),
(5, 77, 0, 'show'),
(5, 78, 0, 'show'),
(5, 79, 0, 'show'),
(5, 80, 1, 'show'),
(5, 81, 1, 'show'),
(5, 82, 0, 'show'),
(5, 83, 0, 'show'),
(5, 84, 0, 'show'),
(5, 85, 1, 'show'),
(5, 86, 1, 'show'),
(5, 87, 0, 'show'),
(5, 88, 0, 'show'),
(5, 89, 0, 'show'),
(5, 90, 0, 'show'),
(5, 91, 0, 'show'),
(5, 92, 0, 'show'),
(5, 93, 0, 'show'),
(5, 94, 0, 'show'),
(5, 95, 0, 'show'),
(5, 96, 0, 'show'),
(5, 97, 0, 'show'),
(5, 98, 0, 'show'),
(5, 99, 0, 'show'),
(5, 100, 0, 'show'),
(5, 101, 1, 'show'),
(5, 102, 1, 'show'),
(5, 103, 1, 'show'),
(5, 104, 1, 'show'),
(5, 105, 1, 'show'),
(5, 106, 0, 'show'),
(5, 107, 0, 'show'),
(5, 108, 0, 'show'),
(5, 109, 0, 'show'),
(5, 110, 0, 'show'),
(5, 111, 0, 'show'),
(5, 112, 0, 'show'),
(5, 113, 0, 'show'),
(5, 114, 1, 'show'),
(5, 115, 1, 'show'),
(5, 116, 1, 'show'),
(5, 117, 0, 'show'),
(5, 118, 0, 'show'),
(5, 119, 0, 'show'),
(5, 120, 0, 'show'),
(5, 121, 0, 'show'),
(5, 122, 0, 'show'),
(5, 123, 0, 'show'),
(5, 124, 0, 'show'),
(5, 125, 0, 'show'),
(5, 126, 0, 'show'),
(5, 127, 0, 'show'),
(5, 128, 0, 'show'),
(5, 129, 1, 'show'),
(5, 130, 1, 'show'),
(5, 131, 1, 'show'),
(5, 132, 1, 'show'),
(5, 133, 0, 'show'),
(5, 134, 0, 'show'),
(5, 135, 0, 'show'),
(5, 136, 0, 'show'),
(5, 137, 0, 'show'),
(5, 138, 0, 'show'),
(5, 139, 0, 'show'),
(5, 140, 0, 'show'),
(5, 141, 0, 'show'),
(5, 142, 0, 'show'),
(5, 143, 0, 'show'),
(5, 144, 1, 'show'),
(5, 145, 0, 'show'),
(5, 146, 1, 'show');

-- --------------------------------------------------------

--
-- Структура таблицы `tm_task_attribute`
--
-- Создание: Янв 04 2012 г., 10:57
--

DROP TABLE IF EXISTS `tm_task_attribute`;
CREATE TABLE IF NOT EXISTS `tm_task_attribute` (
  `task_id` int(10) unsigned NOT NULL,
  `attribute_key` varchar(255) NOT NULL,
  `type_id` int(10) unsigned NOT NULL,
  `attribute_value` text NOT NULL,
  `is_fill` tinyint(1) NOT NULL DEFAULT '0',
  PRIMARY KEY (`task_id`,`attribute_key`),
  KEY `fk_tm_task_attribute_tm_task_attribute_type1` (`type_id`),
  KEY `fk_tm_task_attribute_tm_task1` (`task_id`)
) ENGINE=InnoDB DEFAULT CHARSET=utf8;

-- --------------------------------------------------------

--
-- Структура таблицы `tm_task_attribute_type`
--
-- Создание: Янв 04 2012 г., 10:57
--

DROP TABLE IF EXISTS `tm_task_attribute_type`;
CREATE TABLE IF NOT EXISTS `tm_task_attribute_type` (
  `id` int(10) unsigned NOT NULL AUTO_INCREMENT,
  `title` varchar(50) NOT NULL,
  `handler` varchar(100) NOT NULL,
  `description` varchar(255) NOT NULL,
  PRIMARY KEY (`id`),
  UNIQUE KEY `title_UNIQUE` (`title`)
) ENGINE=InnoDB  DEFAULT CHARSET=utf8 AUTO_INCREMENT=5 ;

--
-- Дамп данных таблицы `tm_task_attribute_type`
--

INSERT INTO `tm_task_attribute_type` (`id`, `title`, `handler`, `description`) VALUES
(1, 'Строка', 'TM_Attribute_AttributeType', 'Любое строковое значение'),
(2, 'Текст', 'TM_Attribute_AttributeTypeText', 'Многострочный  текст'),
(3, 'Список', 'TM_Attribute_AttributeTypeList', 'Список из возможных вариантов'),
(4, 'Дата', 'TM_Attribute_AttributeTypeDate', '');

-- --------------------------------------------------------

--
-- Структура таблицы `tm_task_hash`
--
-- Создание: Янв 04 2012 г., 10:57
--

DROP TABLE IF EXISTS `tm_task_hash`;
CREATE TABLE IF NOT EXISTS `tm_task_hash` (
  `task_id` int(10) unsigned DEFAULT NULL,
  `attribute_key` varchar(255) NOT NULL,
  `title` varchar(255) NOT NULL,
  `type_id` int(10) unsigned NOT NULL,
  `list_value` text,
  PRIMARY KEY (`attribute_key`),
  KEY `fk_tm_task_hash_tm_task_attribute_type1` (`type_id`),
  KEY `fk_tm_task_hash_tm_task1` (`task_id`)
) ENGINE=InnoDB DEFAULT CHARSET=utf8;

--
-- Дамп данных таблицы `tm_task_hash`
--

INSERT INTO `tm_task_hash` (`task_id`, `attribute_key`, `title`, `type_id`, `list_value`) VALUES
(NULL, 'description', 'Текстовое описание задачи', 1, ''),
(NULL, 'description2', 'description', 2, ' '),
(NULL, 'full_text', 'Большой текст', 2, ''),
(NULL, 'test_list', 'Проверка списка', 3, 'Один||Два||Три '),
(NULL, 'Срок', 'Срок выполнения задачи', 4, ' ');

-- --------------------------------------------------------

--
-- Структура таблицы `tm_user`
--
-- Создание: Янв 04 2012 г., 10:57
--

DROP TABLE IF EXISTS `tm_user`;
CREATE TABLE IF NOT EXISTS `tm_user` (
  `id` int(10) unsigned NOT NULL AUTO_INCREMENT,
  `login` varchar(32) NOT NULL,
  `password` varchar(32) NOT NULL,
  `role_id` int(10) unsigned NOT NULL,
  `date_create` datetime NOT NULL,
  PRIMARY KEY (`id`),
  UNIQUE KEY `login_UNIQUE` (`login`),
  KEY `fk_tm_user_tm_user_role1` (`role_id`)
) ENGINE=InnoDB  DEFAULT CHARSET=utf8 AUTO_INCREMENT=12 ;

--
-- Дамп данных таблицы `tm_user`
--

INSERT INTO `tm_user` (`id`, `login`, `password`, `role_id`, `date_create`) VALUES
(1, 'admin', '123', 1, '2011-11-16 16:26:00'),
(2, 'user', '321', 4, '2011-11-17 23:35:18'),
(6, 'user2', '333', 4, '2011-11-25 21:50:32'),
(7, 'moder', '654', 4, '2011-12-16 21:58:00'),
(9, 'mbg', '123456', 4, '2011-12-28 14:34:00'),
(10, 'absolut', '111', 4, '2012-01-18 15:31:00'),
(11, 'neptun', '555', 4, '2012-01-18 17:05:00');

-- --------------------------------------------------------

--
-- Структура таблицы `tm_user_attribute`
--
-- Создание: Янв 04 2012 г., 10:57
--

DROP TABLE IF EXISTS `tm_user_attribute`;
CREATE TABLE IF NOT EXISTS `tm_user_attribute` (
  `user_id` int(10) unsigned NOT NULL,
  `attribute_key` varchar(255) NOT NULL,
  `type_id` int(10) unsigned NOT NULL,
  `attribute_value` text NOT NULL,
  `is_fill` tinyint(1) NOT NULL DEFAULT '0',
  PRIMARY KEY (`user_id`,`attribute_key`),
  KEY `fk_tm_task_attribute_tm_task1` (`user_id`),
  KEY `fk_tm_document_attribute_tm_document_attribute_type1` (`type_id`)
) ENGINE=InnoDB DEFAULT CHARSET=utf8;

--
-- Дамп данных таблицы `tm_user_attribute`
--

INSERT INTO `tm_user_attribute` (`user_id`, `attribute_key`, `type_id`, `attribute_value`, `is_fill`) VALUES
(1, 'name', 1, 'Администратор', 1),
(2, 'name', 1, 'Первый пользователь', 1),
(6, 'name', 1, 'Второй пользователь', 1),
(7, 'name', 1, 'Модератор первой компании', 1),
(9, 'name', 1, 'МирТур', 1),
(10, 'name', 1, 'Абсолют', 1),
(11, 'name', 1, 'neptun', 1);

-- --------------------------------------------------------

--
-- Структура таблицы `tm_user_attribute_type`
--
-- Создание: Янв 04 2012 г., 10:57
--

DROP TABLE IF EXISTS `tm_user_attribute_type`;
CREATE TABLE IF NOT EXISTS `tm_user_attribute_type` (
  `id` int(10) unsigned NOT NULL AUTO_INCREMENT,
  `title` varchar(50) NOT NULL,
  `handler` varchar(100) NOT NULL,
  `description` varchar(255) NOT NULL,
  PRIMARY KEY (`id`),
  UNIQUE KEY `title_UNIQUE` (`title`)
) ENGINE=InnoDB  DEFAULT CHARSET=utf8 AUTO_INCREMENT=4 ;

--
-- Дамп данных таблицы `tm_user_attribute_type`
--

INSERT INTO `tm_user_attribute_type` (`id`, `title`, `handler`, `description`) VALUES
(1, 'Строка', 'TM_Attribute_AttributeType', 'Любое строковое значение'),
(2, 'Текст', 'TM_Attribute_AttributeTypeText', 'Многострочный  текст'),
(3, 'Список', 'TM_Attribute_AttributeTypeList', 'Список из возможных вариантов');

-- --------------------------------------------------------

--
-- Структура таблицы `tm_user_hash`
--
-- Создание: Янв 04 2012 г., 10:57
--

DROP TABLE IF EXISTS `tm_user_hash`;
CREATE TABLE IF NOT EXISTS `tm_user_hash` (
  `user_id` int(10) unsigned DEFAULT NULL,
  `attribute_key` varchar(255) NOT NULL,
  `title` varchar(255) NOT NULL,
  `type_id` int(10) unsigned NOT NULL,
  `list_value` text,
  PRIMARY KEY (`attribute_key`),
  KEY `fk_tm_document_hash_tm_task_attribute_type1` (`type_id`),
  KEY `fk_tm_document_hash_tm_task1` (`user_id`)
) ENGINE=InnoDB DEFAULT CHARSET=utf8;

--
-- Дамп данных таблицы `tm_user_hash`
--

INSERT INTO `tm_user_hash` (`user_id`, `attribute_key`, `title`, `type_id`, `list_value`) VALUES
(NULL, 'name', 'Имя', 1, ' ');

-- --------------------------------------------------------

--
-- Структура таблицы `tm_user_profile`
--
-- Создание: Янв 04 2012 г., 10:57
--

DROP TABLE IF EXISTS `tm_user_profile`;
CREATE TABLE IF NOT EXISTS `tm_user_profile` (
  `user_id` int(10) unsigned NOT NULL AUTO_INCREMENT,
  `profile_key` varchar(255) NOT NULL,
  `profile_value` text NOT NULL,
  PRIMARY KEY (`user_id`,`profile_key`),
  KEY `fk_tm_user_profile_tm_user1` (`user_id`)
) ENGINE=InnoDB DEFAULT CHARSET=utf8 AUTO_INCREMENT=1 ;

-- --------------------------------------------------------

--
-- Структура таблицы `tm_user_resource`
--
-- Создание: Янв 04 2012 г., 10:57
--

DROP TABLE IF EXISTS `tm_user_resource`;
CREATE TABLE IF NOT EXISTS `tm_user_resource` (
  `id` int(10) unsigned NOT NULL AUTO_INCREMENT,
  `title` varchar(45) DEFAULT NULL,
  `rtitle` varchar(255) NOT NULL DEFAULT '',
  PRIMARY KEY (`id`),
  UNIQUE KEY `title` (`title`)
) ENGINE=InnoDB  DEFAULT CHARSET=utf8 AUTO_INCREMENT=147 ;

--
-- Дамп данных таблицы `tm_user_resource`
--

INSERT INTO `tm_user_resource` (`id`, `title`, `rtitle`) VALUES
(1, 'login', 'Вход'),
(2, 'login/index', 'Вход'),
(3, 'login/logout', 'Выход'),
(4, 'index/index', 'Главная'),
(5, 'user', 'Пользователи'),
(6, 'user/add', ''),
(7, 'user/edit', 'Пользователи/Редактировать'),
(8, 'user/delete', ''),
(15, 'user/index', 'Пользователи'),
(19, 'user/addRole', 'Пользователи/Добавить роль'),
(20, 'user/editRole', ''),
(21, 'user/deleteRole', ''),
(22, 'user/addResource', ''),
(23, 'user/editResource', ''),
(24, 'user/deleteResource', ''),
(25, 'user/fillResource', ''),
(59, 'user/showRoleAcl', ''),
(67, 'user/addAttributeType', ''),
(68, 'user/editAttributeType', ''),
(69, 'user/deleteAttributeType', ''),
(70, 'user/addAttributeHash', ''),
(71, 'user/editAttributeHash', ''),
(72, 'user/deleteAttributeHash', ''),
(76, 'city', 'Города'),
(77, 'city/index', 'Города'),
(78, 'city/add', 'Города/Добавить'),
(79, 'city/edit', 'Города/Редактировать'),
(80, 'company', 'Компании'),
(81, 'company/index', 'Компании'),
(82, 'company/add', 'Компании/Добавить'),
(83, 'company/edit', ''),
(84, 'company/delete', 'Компании/Удалить'),
(85, 'catalog', 'Каталог'),
(86, 'catalog/index', 'Каталог'),
(87, 'company/viewAddress', 'Компания/Просмотреть адреса'),
(88, 'company/addAddress', ''),
(89, 'company/editAddress', ''),
(90, 'company/deleteAddress', ''),
(91, 'catalog/addRubric', 'Каталог/Добавить рубрику'),
(92, 'catalog/editRubric', 'Каталог/Редактировать рубрику'),
(93, 'catalog/deleteRubric', 'Каталог/Удалить рубрику'),
(94, 'catalog/add', 'Каталог/Добавить товар'),
(95, 'catalog/edit', 'Каталог/Редактировать товар'),
(96, 'catalog/delete', 'Каталог/Удалить товар'),
(97, 'user/viewAttributeType', 'Пользователи/Показать типы атрибутов'),
(98, 'user/viewResource', 'Пользователи/Показать ресурсы'),
(99, 'user/viewHash', 'Пользователи/Показать список атрибутов'),
(100, 'company/showAcl', 'Компания/Права пользователей'),
(101, 'about.html', 'О компании'),
(102, 'about/index', 'О компании/О компании'),
(103, 'company/view', 'Компания/Просмотреть'),
(104, 'actions/index', 'Акции/Акции'),
(105, 'actions/view', 'Акции/Просмотреть акцию'),
(106, 'company/viewGallery', 'Компании/Просмотреть галерею'),
(107, 'company/addGallery', 'Компания/Добавить фото'),
(108, 'company/editGallery', 'Компания/Редактировать фото'),
(109, 'company/deleteGallery', 'Компания/Удалить фото'),
(110, 'contentPage/index', 'Контентные страницы'),
(111, 'contentPage/add', 'Контентные страницы/Добавить'),
(112, 'contentPage/edit', 'Контентные страницы/Редактировать'),
(113, 'contentPage/delete', 'Контентные страницы/Удалить'),
(114, 'catalog/viewSubMenu', 'Каталог/Показать подменю'),
(115, 'index/chooseCity', 'Главная/Выбрать город'),
(116, 'catalog/viewProduct', 'Каталог/Показать продукт'),
(117, 'catalog/addAttributeHash', 'Каталог/Добавить атрибут'),
(118, 'catalog/editAttributeHash', 'Каталог/Редактировать атрибут'),
(119, 'catalog/deleteAttributeHash', 'Каталог/Удалить атрибут'),
(120, 'catalog/viewHash', 'Каталог/Список атрибутов'),
(121, 'catalog/viewAttributeType', 'Каталог/Типы атрибутов'),
(122, 'catalog/editAttributeType', 'Каталог/Редактировать тип атрибута'),
(123, 'catalog/addAttributeType', 'Каталог/Добавить тип атрибута'),
(124, 'catalog/delteAttributeType', 'Каталог/Удалить тип атрибута'),
(125, 'catalog/viewGallery', 'Каталог/Просмотреть галерею'),
(126, 'catalog/editGallery', 'Каталог/Редактировать фото'),
(127, 'catalog/deleteGallery', 'Каталог/Удалить фото'),
(128, 'catalog/addGallery', 'Каталог/Добавить фото'),
(129, 'catalog/reserve', 'Каталог/Отложить'),
(130, 'catalog/share', 'Каталог/Поделиться'),
(131, 'catalog/addComments', 'Каталог/Добавить комментарий'),
(132, 'catalog/viewComments', 'Каталог/Просмотреть комментарии'),
(133, 'catalog/editComments', 'Каталог/Редактировать комментарий'),
(134, 'catalog/deleteComments', 'Каталог/Удалить комментарий'),
(135, 'banner/index', 'Баннеры'),
(136, 'banner/viewPlace', 'Баннеры/Просмотреть площадки'),
(137, 'banner/add', 'Баннеры/Добавить баннер'),
(138, 'banner/edit', 'Баннеры/Редактировать баннер'),
(139, 'banner/delete', 'Баннеры/Удалить баннер'),
(140, 'banner/addPlace', 'Баннеры/Добавить площадку'),
(141, 'banner/editPlace', 'Баннеры/Редактировать площадку'),
(142, 'banner/deletePlace', 'Баннеры/Удалить площадку'),
(143, 'banner/placemark', 'Баннеры/Размещение'),
(144, 'search/index', 'Поиск'),
(145, 'city/delete', 'Города/Удалить'),
(146, 'catalog/addLike', 'Каталог/Нравится');

-- --------------------------------------------------------

--
-- Структура таблицы `tm_user_role`
--
-- Создание: Янв 04 2012 г., 10:57
--

DROP TABLE IF EXISTS `tm_user_role`;
CREATE TABLE IF NOT EXISTS `tm_user_role` (
  `id` int(10) unsigned NOT NULL AUTO_INCREMENT,
  `title` varchar(32) NOT NULL,
  `rtitle` varchar(255) NOT NULL DEFAULT '',
  PRIMARY KEY (`id`)
) ENGINE=InnoDB  DEFAULT CHARSET=utf8 AUTO_INCREMENT=6 ;

--
-- Дамп данных таблицы `tm_user_role`
--

INSERT INTO `tm_user_role` (`id`, `title`, `rtitle`) VALUES
(1, 'admin', 'Администратор'),
(3, 'customer', 'Покупатель'),
(4, 'companyadmin', 'Модератор'),
(5, 'guest', 'Гость');

--
-- Ограничения внешнего ключа сохраненных таблиц
--

--
-- Ограничения внешнего ключа таблицы `banner_place`
--
ALTER TABLE `banner_place`
  ADD CONSTRAINT `banner_place_ibfk_1` FOREIGN KEY (`banner_id`) REFERENCES `banner` (`id`) ON DELETE CASCADE ON UPDATE CASCADE,
  ADD CONSTRAINT `banner_place_ibfk_2` FOREIGN KEY (`bplace_id`) REFERENCES `bplace` (`id`) ON DELETE CASCADE ON UPDATE CASCADE;

--
-- Ограничения внешнего ключа таблицы `comments_product`
--
ALTER TABLE `comments_product`
  ADD CONSTRAINT `comments_product_ibfk_1` FOREIGN KEY (`comments_id`) REFERENCES `comments` (`id`) ON DELETE CASCADE ON UPDATE CASCADE,
  ADD CONSTRAINT `comments_product_ibfk_2` FOREIGN KEY (`product_id`) REFERENCES `product` (`id`) ON DELETE CASCADE ON UPDATE CASCADE;

--
-- Ограничения внешнего ключа таблицы `company`
--
ALTER TABLE `company`
  ADD CONSTRAINT `company_ibfk_1` FOREIGN KEY (`city_id`) REFERENCES `city` (`id`) ON DELETE CASCADE ON UPDATE CASCADE;

--
-- Ограничения внешнего ключа таблицы `company_address`
--
ALTER TABLE `company_address`
  ADD CONSTRAINT `company_address_ibfk_3` FOREIGN KEY (`company_id`) REFERENCES `company` (`id`) ON DELETE CASCADE ON UPDATE CASCADE,
  ADD CONSTRAINT `company_address_ibfk_4` FOREIGN KEY (`city_id`) REFERENCES `city` (`id`) ON DELETE CASCADE ON UPDATE CASCADE;

--
-- Ограничения внешнего ключа таблицы `company_user`
--
ALTER TABLE `company_user`
  ADD CONSTRAINT `company_user_ibfk_1` FOREIGN KEY (`company_id`) REFERENCES `company` (`id`) ON DELETE CASCADE ON UPDATE CASCADE,
  ADD CONSTRAINT `company_user_ibfk_2` FOREIGN KEY (`user_id`) REFERENCES `tm_user` (`id`) ON DELETE CASCADE ON UPDATE CASCADE;

--
-- Ограничения внешнего ключа таблицы `gallery`
--
ALTER TABLE `gallery`
  ADD CONSTRAINT `tm_document_ibfk_1` FOREIGN KEY (`user_id`) REFERENCES `tm_user` (`id`) ON DELETE CASCADE ON UPDATE CASCADE;

--
-- Ограничения внешнего ключа таблицы `gallery_company`
--
ALTER TABLE `gallery_company`
  ADD CONSTRAINT `gallery_company_ibfk_1` FOREIGN KEY (`company_id`) REFERENCES `company` (`id`) ON DELETE CASCADE ON UPDATE CASCADE,
  ADD CONSTRAINT `tm_task_document_ibfk_2` FOREIGN KEY (`gallery_id`) REFERENCES `gallery` (`id`) ON DELETE CASCADE ON UPDATE CASCADE;

--
-- Ограничения внешнего ключа таблицы `gallery_product`
--
ALTER TABLE `gallery_product`
  ADD CONSTRAINT `gallery_product_ibfk_1` FOREIGN KEY (`gallery_id`) REFERENCES `gallery` (`id`) ON DELETE CASCADE ON UPDATE CASCADE,
  ADD CONSTRAINT `gallery_product_ibfk_2` FOREIGN KEY (`product_id`) REFERENCES `product` (`id`) ON DELETE CASCADE ON UPDATE CASCADE;

--
-- Ограничения внешнего ключа таблицы `product`
--
ALTER TABLE `product`
  ADD CONSTRAINT `product_ibfk_1` FOREIGN KEY (`product_rubric_id`) REFERENCES `product_rubric` (`id`) ON DELETE CASCADE ON UPDATE CASCADE,
  ADD CONSTRAINT `product_ibfk_2` FOREIGN KEY (`company_id`) REFERENCES `company` (`id`) ON DELETE CASCADE ON UPDATE CASCADE;

--
-- Ограничения внешнего ключа таблицы `product_attribute`
--
ALTER TABLE `product_attribute`
  ADD CONSTRAINT `product_attribute_ibfk_1` FOREIGN KEY (`product_id`) REFERENCES `product` (`id`) ON DELETE CASCADE ON UPDATE CASCADE,
  ADD CONSTRAINT `product_attribute_ibfk_2` FOREIGN KEY (`attribute_key`) REFERENCES `product_hash` (`attribute_key`) ON DELETE CASCADE ON UPDATE CASCADE,
  ADD CONSTRAINT `product_attribute_ibfk_3` FOREIGN KEY (`type_id`) REFERENCES `product_attribute_type` (`id`) ON DELETE CASCADE ON UPDATE CASCADE;

--
-- Ограничения внешнего ключа таблицы `product_hash`
--
ALTER TABLE `product_hash`
  ADD CONSTRAINT `product_hash_ibfk_1` FOREIGN KEY (`type_id`) REFERENCES `product_attribute_type` (`id`) ON DELETE CASCADE ON UPDATE CASCADE;

--
-- Ограничения внешнего ключа таблицы `product_like`
--
ALTER TABLE `product_like`
  ADD CONSTRAINT `product_like_ibfk_1` FOREIGN KEY (`product_id`) REFERENCES `product` (`id`) ON DELETE CASCADE ON UPDATE CASCADE;

--
-- Ограничения внешнего ключа таблицы `product_like_ip`
--
ALTER TABLE `product_like_ip`
  ADD CONSTRAINT `product_like_ip_ibfk_1` FOREIGN KEY (`product_id`) REFERENCES `product` (`id`) ON DELETE CASCADE ON UPDATE CASCADE;

--
-- Ограничения внешнего ключа таблицы `product_rubric`
--
ALTER TABLE `product_rubric`
  ADD CONSTRAINT `fk_product_rubric_product_rubric` FOREIGN KEY (`parent_id`) REFERENCES `product_rubric` (`id`) ON DELETE NO ACTION ON UPDATE NO ACTION;

--
-- Ограничения внешнего ключа таблицы `tm_acl_role`
--
ALTER TABLE `tm_acl_role`
  ADD CONSTRAINT `tm_acl_role_ibfk_1` FOREIGN KEY (`tm_user_role_id`) REFERENCES `tm_user_role` (`id`) ON DELETE CASCADE ON UPDATE CASCADE,
  ADD CONSTRAINT `tm_acl_role_ibfk_2` FOREIGN KEY (`tm_user_resource_id`) REFERENCES `tm_user_resource` (`id`) ON DELETE CASCADE ON UPDATE CASCADE;

--
-- Ограничения внешнего ключа таблицы `tm_task_attribute`
--
ALTER TABLE `tm_task_attribute`
  ADD CONSTRAINT `tm_task_attribute_ibfk_1` FOREIGN KEY (`task_id`) REFERENCES `tm_task` (`id`) ON DELETE CASCADE ON UPDATE CASCADE,
  ADD CONSTRAINT `tm_task_attribute_ibfk_2` FOREIGN KEY (`type_id`) REFERENCES `tm_task_attribute_type` (`id`) ON DELETE CASCADE ON UPDATE CASCADE;

--
-- Ограничения внешнего ключа таблицы `tm_task_hash`
--
ALTER TABLE `tm_task_hash`
  ADD CONSTRAINT `fk_tm_task_hash_tm_task1` FOREIGN KEY (`task_id`) REFERENCES `tm_task` (`id`) ON DELETE NO ACTION ON UPDATE NO ACTION,
  ADD CONSTRAINT `fk_tm_task_hash_tm_task_attribute_type1` FOREIGN KEY (`type_id`) REFERENCES `tm_task_attribute_type` (`id`) ON DELETE NO ACTION ON UPDATE NO ACTION;

--
-- Ограничения внешнего ключа таблицы `tm_user`
--
ALTER TABLE `tm_user`
  ADD CONSTRAINT `tm_user_ibfk_1` FOREIGN KEY (`role_id`) REFERENCES `tm_user_role` (`id`);

--
-- Ограничения внешнего ключа таблицы `tm_user_attribute`
--
ALTER TABLE `tm_user_attribute`
  ADD CONSTRAINT `tm_user_attribute_ibfk_1` FOREIGN KEY (`user_id`) REFERENCES `tm_user` (`id`) ON DELETE CASCADE ON UPDATE CASCADE,
  ADD CONSTRAINT `tm_user_attribute_ibfk_2` FOREIGN KEY (`type_id`) REFERENCES `tm_user_attribute_type` (`id`) ON DELETE CASCADE ON UPDATE CASCADE;

--
-- Ограничения внешнего ключа таблицы `tm_user_hash`
--
ALTER TABLE `tm_user_hash`
  ADD CONSTRAINT `tm_user_hash_ibfk_1` FOREIGN KEY (`type_id`) REFERENCES `tm_user_attribute_type` (`id`) ON DELETE CASCADE ON UPDATE CASCADE;
SET FOREIGN_KEY_CHECKS=1;
COMMIT;
